{
  "applicationName": "Stylish Calculator",
  "version": "1.0.0",
  "author": "Calculator Team",
  "logLevel": "Info",
  "enableFileLogging": true,
  "enableConsoleLogging": true,
  "enableDebugLogging": true,
  "logFileName": "currency_debug.log",
  "maxLogFileSizeMB": 10,
  "logFileRetentionCount": 5,
  "currencyApiKey": "fca_live_S38vx3saYCkKXDPiePO2ym3ZN8ltZjVyv9daIrA8",
  "currencyApiBaseUrl": "https://api.freecurrencyapi.com/v1/latest",
  "supportedCurrencies": "USD,EUR,GBP,JPY,CAD,AUD,CHF,CNY,INR,RUB,IDR",
  "apiTimeoutSeconds": 30,
  "apiRetryAttempts": 3,
  "apiRetryDelayMs": 1000,
  "cacheExpirationMinutes": 60,
  "exchangeRatesFileName": "exchange_rates.json",
  "enablePersistentStorage": true,
  "loadRatesAtStartup": true,
  "majorCurrencies": [
    "USD",
    "EUR",
    "GBP",
    "JPY",
    "CAD",
    "AUD"
  ],
  "apiCallDelayMs": 100,
  "defaultFromCurrency": "USD",
  "defaultToCurrency": "EUR",
  "displayDecimalPlaces": 5,
  "enableRealTimeConversion": true,
  "enableAmountSynchronization": true,
  "windowWidth": 400,
  "windowHeight": 600,
  "rememberWindowState": true,
  "maxCalculatorDigits": 15,
  "enableScientificNotation": true,
  "scientificNotationThreshold": 10000000000
}